 ID,Date,Card,Keyword,Order,Created,Updated
2867,11/30,Three of Hearts,,,2023-06-10T23:28:18.687Z,2023-06-10T23:28:34.231Z
2865,12/30,Ace of Hearts,,,2022-03-24T20:10:40.165Z,2022-03-24T20:10:40.165Z
2864,12/29,Two of Hearts,,,2022-03-24T20:10:40.149Z,2022-03-24T20:10:40.149Z
2863,12/28,Three of Hearts,,,2022-03-24T20:10:40.133Z,2022-03-24T20:10:40.133Z
2862,12/27,Four of Hearts,,,2022-03-24T20:10:40.116Z,2022-03-24T20:10:40.116Z
2861,12/26,Five of Hearts,,,2022-03-24T20:10:40.101Z,2022-03-24T20:10:40.101Z
2860,12/25,Six of Hearts,,,2022-03-24T20:10:40.085Z,2022-03-24T20:10:40.085Z
2859,12/24,Seven of Hearts,,,2022-03-24T20:10:40.063Z,2022-03-24T20:10:40.063Z
2858,12/23,Eight of Hearts,,,2022-03-24T20:10:39.912Z,2022-03-24T20:10:39.912Z
2857,12/22,Nine of Hearts,,,2022-03-24T20:10:39.896Z,2022-03-24T20:10:39.896Z
2856,12/21,Ten of Hearts,,,2022-03-24T20:10:39.880Z,2022-03-24T20:10:39.880Z
2855,12/20,Jack of Hearts,,,2022-03-24T20:10:39.858Z,2022-03-24T20:10:39.858Z
2854,12/19,Queen of Hearts,,,2022-03-24T20:10:39.842Z,2022-03-24T20:10:39.842Z
2853,12/18,King of Hearts,,,2022-03-24T20:10:39.827Z,2022-03-24T20:10:39.827Z
2852,12/17,Ace of Clubs,,,2022-03-24T20:10:39.809Z,2022-03-24T20:10:39.809Z
2851,12/16,Two of Clubs,,,2022-03-24T20:10:39.794Z,2022-03-24T20:10:39.794Z
2850,12/15,Three of Clubs,,,2022-03-24T20:10:39.777Z,2022-03-24T20:10:39.777Z
2849,12/14,Four of Clubs,,,2022-03-24T20:10:39.760Z,2022-03-24T20:10:39.760Z
2848,12/13,Five of Clubs,,,2022-03-24T20:10:39.741Z,2022-03-24T20:10:39.741Z
2847,12/12,Six of Clubs,,,2022-03-24T20:10:39.722Z,2022-03-24T20:10:39.722Z
2846,12/11,Seven of Clubs,,,2022-03-24T20:10:39.699Z,2022-03-24T20:10:39.699Z
2845,12/10,Eight of Clubs,,,2022-03-24T20:10:39.684Z,2022-03-24T20:10:39.684Z
2844,12/9,Nine of Clubs,,,2022-03-24T20:10:39.667Z,2022-03-24T20:10:39.667Z
2843,12/8,Ten of Clubs,,,2022-03-24T20:10:39.631Z,2022-03-24T20:10:39.631Z
2842,12/7,Jack of Clubs,,,2022-03-24T20:10:39.603Z,2022-03-24T20:10:39.603Z
2841,12/6,Queen of Clubs,,,2022-03-24T20:10:39.581Z,2022-03-24T20:10:39.581Z
2840,12/5,King of Clubs,,,2022-03-24T20:10:39.564Z,2022-03-24T20:10:39.564Z
2839,12/4,Ace of Diamonds,,,2022-03-24T20:10:39.546Z,2022-03-24T20:10:39.546Z
2838,12/3,Two of Diamonds,,,2022-03-24T20:10:39.527Z,2022-03-24T20:10:39.527Z
2837,12/2,Three of Diamonds,,,2022-03-24T20:10:39.510Z,2022-03-24T20:10:39.510Z
2836,12/1,Four of Diamonds,,,2022-03-24T20:10:39.486Z,2022-03-24T20:10:39.486Z
2835,1/1,King of Spades,,1,2022-03-24T20:10:39.462Z,2023-06-10T23:29:08.109Z
2834,1/2,Queen of Spades,,2,2022-03-24T20:10:39.313Z,2023-06-10T23:29:18.386Z
2833,1/3,Jack of Spades,,3,2022-03-24T20:10:39.290Z,2023-06-10T23:29:41.443Z
2832,1/4,Ten of Spades,,,2022-03-24T20:10:39.268Z,2022-03-24T20:10:39.268Z
2831,1/5,Nine of Spades,,,2022-03-24T20:10:39.235Z,2022-03-24T20:10:39.235Z
2830,1/6,Eight of Spades,,,2022-03-24T20:10:39.215Z,2022-03-24T20:10:39.215Z
2829,1/7,Seven of Spades,,,2022-03-24T20:10:39.191Z,2022-03-24T20:10:39.191Z
2828,1/8,Six of Spades,,,2022-03-24T20:10:39.169Z,2022-03-24T20:10:39.169Z
2827,1/9,Five of Spades,,,2022-03-24T20:10:39.152Z,2022-03-24T20:10:39.152Z
2826,1/10,Four of Spades,,,2022-03-24T20:10:39.136Z,2022-03-24T20:10:39.136Z
2825,1/11,Three of Spades,,,2022-03-24T20:10:39.120Z,2022-03-24T20:10:39.120Z
2824,1/12,Two of Spades,,,2022-03-24T20:10:39.105Z,2022-03-24T20:10:39.105Z
2823,1/13,Ace of Spades,,,2022-03-24T20:10:39.086Z,2022-03-24T20:10:39.086Z
2822,1/14,King of Diamonds,,,2022-03-24T20:10:39.070Z,2022-03-24T20:10:39.070Z
2821,1/15,Queen of Diamonds,,,2022-03-24T20:10:39.055Z,2022-03-24T20:10:39.055Z
2820,1/16,Jack of Diamonds,,,2022-03-24T20:10:39.040Z,2022-03-24T20:10:39.040Z
2819,1/17,Ten of Diamonds,,,2022-03-24T20:10:39.024Z,2022-03-24T20:10:39.024Z
2818,1/18,Nine of Diamonds,,,2022-03-24T20:10:39.008Z,2022-03-24T20:10:39.008Z
2817,1/19,Eight of Diamonds,,,2022-03-24T20:10:38.992Z,2022-03-24T20:10:38.992Z
2816,1/20,Seven of Diamonds,,,2022-03-24T20:10:38.974Z,2022-03-24T20:10:38.974Z
2815,1/21,Six of Diamonds,,,2022-03-24T20:10:38.956Z,2022-03-24T20:10:38.956Z
2814,1/22,Five of Diamonds,,,2022-03-24T20:10:38.939Z,2022-03-24T20:10:38.939Z
2813,1/23,Four of Diamonds,,,2022-03-24T20:10:38.918Z,2022-03-24T20:10:38.918Z
2812,1/24,Three of Diamonds,,,2022-03-24T20:10:38.900Z,2022-03-24T20:10:38.900Z
2811,1/25,Two of Diamonds,,,2022-03-24T20:10:38.882Z,2022-03-24T20:10:38.882Z
2810,1/26,Ace of Diamonds,,,2022-03-24T20:10:38.863Z,2022-03-24T20:10:38.863Z
2809,1/27,King of Clubs,,,2022-03-24T20:10:38.847Z,2022-03-24T20:10:38.847Z
2808,1/28,Queen of Clubs,,,2022-03-24T20:10:38.829Z,2022-03-24T20:10:38.829Z
2807,1/29,Jack of Clubs,,,2022-03-24T20:10:38.811Z,2022-03-24T20:10:38.811Z
2806,1/30,Ten of Clubs,,,2022-03-24T20:10:38.795Z,2022-03-24T20:10:38.795Z
2805,1/31,Nine of Clubs,,,2022-03-24T20:10:38.776Z,2022-03-24T20:10:38.776Z
2804,2/1,Jack of Spades,,,2022-03-24T20:10:38.762Z,2022-03-24T20:10:38.762Z
2803,2/2,Ten of Spades,,,2022-03-24T20:10:38.745Z,2022-03-24T20:10:38.745Z
2802,2/3,Nine of Spades,,,2022-03-24T20:10:38.726Z,2022-03-24T20:10:38.726Z
2801,2/4,Eight of Spades,,,2022-03-24T20:10:38.703Z,2022-03-24T20:10:38.703Z
2800,2/5,Seven of Spades,,,2022-03-24T20:10:38.681Z,2022-03-24T20:10:38.681Z
2799,2/6,Six of Spades,,,2022-03-24T20:10:38.660Z,2022-03-24T20:10:38.660Z
2798,2/7,Five of Spades,,,2022-03-24T20:10:38.642Z,2022-03-24T20:10:38.642Z
2797,2/8,Four of Spades,,,2022-03-24T20:10:38.325Z,2022-03-24T20:10:38.325Z
2796,2/9,Three of Spades,,,2022-03-24T20:10:38.293Z,2022-03-24T20:10:38.293Z
2795,2/10,Two of Spades,,,2022-03-24T20:10:38.259Z,2022-03-24T20:10:38.259Z
2794,2/11,Ace of Spades,,,2022-03-24T20:10:38.230Z,2022-03-24T20:10:38.230Z
2793,2/12,King of Diamonds,,,2022-03-24T20:10:38.213Z,2022-03-24T20:10:38.213Z
2792,2/13,Queen of Diamonds,,,2022-03-24T20:10:38.193Z,2022-03-24T20:10:38.193Z
2791,2/14,Jack of Diamonds,,,2022-03-24T20:10:38.177Z,2022-03-24T20:10:38.177Z
2790,2/15,Ten of Diamonds,,,2022-03-24T20:10:38.161Z,2022-03-24T20:10:38.161Z
2789,2/16,Nine of Diamonds,,,2022-03-24T20:10:38.143Z,2022-03-24T20:10:38.143Z
2788,2/17,Eight of Diamonds,,,2022-03-24T20:10:38.127Z,2022-03-24T20:10:38.127Z
2787,2/18,Seven of Diamonds,,,2022-03-24T20:10:38.112Z,2022-03-24T20:10:38.112Z
2786,2/19,Six of Diamonds,,,2022-03-24T20:10:38.096Z,2022-03-24T20:10:38.096Z
2785,2/20,Five of Diamonds,,,2022-03-24T20:10:38.081Z,2022-03-24T20:10:38.081Z
2784,2/21,Four of Diamonds,,,2022-03-24T20:10:38.059Z,2022-03-24T20:10:38.059Z
2783,2/22,Three of Diamonds,,,2022-03-24T20:10:38.041Z,2022-03-24T20:10:38.041Z
2782,2/23,Two of Diamonds,,,2022-03-24T20:10:38.022Z,2022-03-24T20:10:38.022Z
2781,2/24,Ace of Diamonds,,,2022-03-24T20:10:38.006Z,2022-03-24T20:10:38.006Z
2780,2/25,King of Clubs,,,2022-03-24T20:10:37.990Z,2022-03-24T20:10:37.990Z
2779,2/26,Queen of Clubs,,,2022-03-24T20:10:37.975Z,2022-03-24T20:10:37.975Z
2778,2/27,Jack of Clubs,,,2022-03-24T20:10:37.959Z,2022-03-24T20:10:37.959Z
2777,2/28,Ten of Clubs,,,2022-03-24T20:10:37.943Z,2022-03-24T20:10:37.943Z
2776,2/29,Nine of Clubs,,60,2022-03-24T20:10:37.925Z,2023-06-11T00:49:50.654Z
2775,3/1,Nine of Spades,,,2022-03-24T20:10:37.907Z,2022-03-24T20:10:37.907Z
2774,3/2,Eight of Spades,,,2022-03-24T20:10:37.890Z,2022-03-24T20:10:37.890Z
2773,3/3,Seven of Spades,,,2022-03-24T20:10:37.874Z,2022-03-24T20:10:37.874Z
2772,3/4,Six of Spades,,,2022-03-24T20:10:37.859Z,2022-03-24T20:10:37.859Z
2771,3/5,Five of Spades,,,2022-03-24T20:10:37.844Z,2022-03-24T20:10:37.844Z
2770,3/6,Four of Spades,,,2022-03-24T20:10:37.829Z,2022-03-24T20:10:37.829Z
2769,3/7,Three of Spades,,,2022-03-24T20:10:37.813Z,2022-03-24T20:10:37.813Z
2768,3/8,Two of Spades,,,2022-03-24T20:10:37.797Z,2022-03-24T20:10:37.797Z
2767,3/9,Ace of Spades,,,2022-03-24T20:10:37.779Z,2022-03-24T20:10:37.779Z
2766,3/10,King of Diamonds,,,2022-03-24T20:10:37.764Z,2022-03-24T20:10:37.764Z
2765,3/11,Queen of Diamonds,,,2022-03-24T20:10:37.748Z,2022-03-24T20:10:37.748Z
2764,3/12,Jack of Diamonds,,,2022-03-24T20:10:37.732Z,2022-03-24T20:10:37.732Z
2763,3/13,Ten of Diamonds,,,2022-03-24T20:10:37.716Z,2022-03-24T20:10:37.716Z
2762,3/14,Nine of Diamonds,,,2022-03-24T20:10:37.699Z,2022-03-24T20:10:37.699Z
2761,3/15,Eight of Diamonds,,,2022-03-24T20:10:37.681Z,2022-03-24T20:10:37.681Z
2760,3/16,Seven of Diamonds,,,2022-03-24T20:10:37.664Z,2022-03-24T20:10:37.664Z
2759,3/17,Six of Diamonds,,,2022-03-24T20:10:37.648Z,2022-03-24T20:10:37.648Z
2758,3/18,Five of Diamonds,,,2022-03-24T20:10:37.626Z,2022-03-24T20:10:37.626Z
2757,3/19,Four of Diamonds,,,2022-03-24T20:10:37.607Z,2022-03-24T20:10:37.607Z
2756,3/20,Three of Diamonds,,,2022-03-24T20:10:37.592Z,2022-03-24T20:10:37.592Z
2755,3/21,Two of Diamonds,,,2022-03-24T20:10:37.576Z,2022-03-24T20:10:37.576Z
2754,3/22,Ace of Diamonds,,,2022-03-24T20:10:37.560Z,2022-03-24T20:10:37.560Z
2753,3/23,King of Clubs,,,2022-03-24T20:10:37.542Z,2022-03-24T20:10:37.542Z
2752,3/24,Queen of Clubs,,,2022-03-24T20:10:37.527Z,2022-03-24T20:10:37.527Z
2751,3/25,Jack of Clubs,,,2022-03-24T20:10:37.510Z,2022-03-24T20:10:37.510Z
2750,3/26,Ten of Clubs,,,2022-03-24T20:10:37.493Z,2022-03-24T20:10:37.493Z
2749,3/27,Nine of Clubs,,,2022-03-24T20:10:37.477Z,2022-03-24T20:10:37.477Z
2748,3/28,Eight of Clubs,,,2022-03-24T20:10:37.461Z,2022-03-24T20:10:37.461Z
2747,3/29,Seven of Clubs,,,2022-03-24T20:10:37.446Z,2022-03-24T20:10:37.446Z
2746,3/30,Six of Clubs,,,2022-03-24T20:10:37.432Z,2022-03-24T20:10:37.432Z
2745,3/31,Five of Clubs,,,2022-03-24T20:10:37.417Z,2022-03-24T20:10:37.417Z
2744,4/1,Seven of Spades,,,2022-03-24T20:10:37.401Z,2022-03-24T20:10:37.401Z
2743,4/2,Six of Spades,,,2022-03-24T20:10:37.386Z,2022-03-24T20:10:37.386Z
2742,4/3,Five of Spades,,,2022-03-24T20:10:37.371Z,2022-03-24T20:10:37.371Z
2741,4/4,Four of Spades,,,2022-03-24T20:10:37.355Z,2022-03-24T20:10:37.355Z
2740,4/5,Three of Spades,,,2022-03-24T20:10:37.338Z,2022-03-24T20:10:37.338Z
2739,4/6,Two of Spades,,,2022-03-24T20:10:37.323Z,2022-03-24T20:10:37.323Z
2738,4/7,Ace of Spades,,,2022-03-24T20:10:37.308Z,2022-03-24T20:10:37.308Z
2737,4/8,King of Diamonds,,,2022-03-24T20:10:37.293Z,2022-03-24T20:10:37.293Z
2736,4/9,Queen of Diamonds,,,2022-03-24T20:10:37.275Z,2022-03-24T20:10:37.275Z
2735,4/10,Jack of Diamonds,,,2022-03-24T20:10:37.260Z,2022-03-24T20:10:37.260Z
2734,4/11,Ten of Diamonds,,,2022-03-24T20:10:37.244Z,2022-03-24T20:10:37.244Z
2733,4/12,Nine of Diamonds,,,2022-03-24T20:10:37.229Z,2022-03-24T20:10:37.229Z
2732,4/13,Eight of Diamonds,,,2022-03-24T20:10:37.214Z,2022-03-24T20:10:37.214Z
2731,4/14,Seven of Diamonds,,,2022-03-24T20:10:37.199Z,2022-03-24T20:10:37.199Z
2730,4/15,Six of Diamonds,,,2022-03-24T20:10:37.182Z,2022-03-24T20:10:37.182Z
2729,4/16,Five of Diamonds,,,2022-03-24T20:10:37.167Z,2022-03-24T20:10:37.167Z
2728,4/17,Four of Diamonds,,,2022-03-24T20:10:37.150Z,2022-03-24T20:10:37.150Z
2727,4/18,Three of Diamonds,,,2022-03-24T20:10:37.134Z,2022-03-24T20:10:37.134Z
2726,4/19,Two of Diamonds,,,2022-03-24T20:10:37.116Z,2022-03-24T20:10:37.116Z
2725,4/20,Ace of Diamonds,,,2022-03-24T20:10:37.101Z,2022-03-24T20:10:37.101Z
2724,4/21,King of Clubs,,,2022-03-24T20:10:37.085Z,2022-03-24T20:10:37.085Z
2723,4/22,Queen of Clubs,,,2022-03-24T20:10:37.069Z,2022-03-24T20:10:37.069Z
2722,4/23,Jack of Clubs,,,2022-03-24T20:10:37.052Z,2022-03-24T20:10:37.052Z
2721,4/24,Ten of Clubs,,,2022-03-24T20:10:37.036Z,2022-03-24T20:10:37.036Z
2720,4/25,Nine of Clubs,,,2022-03-24T20:10:37.019Z,2022-03-24T20:10:37.019Z
2719,4/26,Eight of Clubs,,,2022-03-24T20:10:37.004Z,2022-03-24T20:10:37.004Z
2718,4/27,Seven of Clubs,,,2022-03-24T20:10:36.987Z,2022-03-24T20:10:36.987Z
2717,4/28,Six of Clubs,,,2022-03-24T20:10:36.969Z,2022-03-24T20:10:36.969Z
2716,4/29,Five of Clubs,,,2022-03-24T20:10:36.953Z,2022-03-24T20:10:36.953Z
2715,4/30,Four of Clubs,,,2022-03-24T20:10:36.821Z,2022-03-24T20:10:36.821Z
2714,5/1,Five of Spades,,,2022-03-24T20:10:36.806Z,2022-03-24T20:10:36.806Z
2713,5/2,Four of Spades,,,2022-03-24T20:10:36.789Z,2022-03-24T20:10:36.789Z
2712,5/3,Three of Spades,,,2022-03-24T20:10:36.772Z,2022-03-24T20:10:36.772Z
2711,5/4,Two of Spades,,,2022-03-24T20:10:36.755Z,2022-03-24T20:10:36.755Z
2710,5/5,Ace of Spades,,,2022-03-24T20:10:36.738Z,2022-03-24T20:10:36.738Z
2709,5/6,King of Diamonds,,,2022-03-24T20:10:36.720Z,2022-03-24T20:10:36.720Z
2708,5/7,Queen of Diamonds,,,2022-03-24T20:10:36.702Z,2022-03-24T20:10:36.702Z
2707,5/8,Jack of Diamonds,,,2022-03-24T20:10:36.684Z,2022-03-24T20:10:36.684Z
2706,5/9,Ten of Diamonds,,,2022-03-24T20:10:36.669Z,2022-03-24T20:10:36.669Z
2705,5/10,Nine of Diamonds,,,2022-03-24T20:10:36.643Z,2022-03-24T20:10:36.643Z
2704,5/11,Eight of Diamonds,,,2022-03-24T20:10:36.623Z,2022-03-24T20:10:36.623Z
2703,5/12,Seven of Diamonds,,,2022-03-24T20:10:36.602Z,2022-03-24T20:10:36.602Z
2702,5/13,Six of Diamonds,,,2022-03-24T20:10:36.584Z,2022-03-24T20:10:36.584Z
2701,5/14,Five of Diamonds,,,2022-03-24T20:10:36.566Z,2022-03-24T20:10:36.566Z
2700,5/15,Four of Diamonds,,,2022-03-24T20:10:36.549Z,2022-03-24T20:10:36.549Z
2699,5/16,Three of Diamonds,,,2022-03-24T20:10:36.534Z,2022-03-24T20:10:36.534Z
2698,5/17,Two of Diamonds,,,2022-03-24T20:10:36.518Z,2022-03-24T20:10:36.518Z
2697,5/18,Ace of Diamonds,,,2022-03-24T20:10:36.499Z,2022-03-24T20:10:36.499Z
2696,5/19,King of Clubs,,,2022-03-24T20:10:36.477Z,2022-03-24T20:10:36.477Z
2695,5/20,Queen of Clubs,,,2022-03-24T20:10:36.460Z,2022-03-24T20:10:36.460Z
2694,5/21,Jack of Clubs,,,2022-03-24T20:10:36.442Z,2022-03-24T20:10:36.442Z
2693,5/22,Ten of Clubs,,,2022-03-24T20:10:36.424Z,2022-03-24T20:10:36.424Z
2692,5/23,Nine of Clubs,,,2022-03-24T20:10:36.405Z,2022-03-24T20:10:36.405Z
2691,5/24,Eight of Clubs,,,2022-03-24T20:10:36.388Z,2022-03-24T20:10:36.388Z
2690,5/25,Seven of Clubs,,,2022-03-24T20:10:36.371Z,2022-03-24T20:10:36.371Z
2689,5/26,Six of Clubs,,,2022-03-24T20:10:36.353Z,2022-03-24T20:10:36.353Z
2688,5/27,Five of Clubs,,,2022-03-24T20:10:36.335Z,2022-03-24T20:10:36.335Z
2687,5/28,Four of Clubs,,,2022-03-24T20:10:36.318Z,2022-03-24T20:10:36.318Z
2686,5/29,Three of Clubs,,,2022-03-24T20:10:36.300Z,2022-03-24T20:10:36.300Z
2685,5/30,Two of Clubs,,,2022-03-24T20:10:36.277Z,2022-03-24T20:10:36.277Z
2684,5/31,Ace of Clubs,,,2022-03-24T20:10:36.261Z,2022-03-24T20:10:36.261Z
2683,6/1,Three of Spades,,,2022-03-24T20:10:36.244Z,2022-03-24T20:10:36.244Z
2682,6/2,Two of Spades,,,2022-03-24T20:10:36.227Z,2022-03-24T20:10:36.227Z
2681,6/3,Ace of Spades,,,2022-03-24T20:10:36.092Z,2022-03-24T20:10:36.092Z
2680,6/4,King of Diamonds,,,2022-03-24T20:10:36.074Z,2022-03-24T20:10:36.074Z
2679,6/5,Queen of Diamonds,,,2022-03-24T20:10:36.057Z,2022-03-24T20:10:36.057Z
2678,6/6,Jack of Diamonds,,,2022-03-24T20:10:36.042Z,2022-03-24T20:10:36.042Z
2677,6/7,Ten of Diamonds,,,2022-03-24T20:10:36.025Z,2022-03-24T20:10:36.025Z
2676,6/8,Nine of Diamonds,,,2022-03-24T20:10:36.009Z,2022-03-24T20:10:36.009Z
2675,6/9,Eight of Diamonds,,,2022-03-24T20:10:35.992Z,2022-03-24T20:10:35.992Z
2674,6/10,Seven of Diamonds,,,2022-03-24T20:10:35.971Z,2022-03-24T20:10:35.971Z
2673,6/11,Six of Diamonds,,,2022-03-24T20:10:35.952Z,2022-03-24T20:10:35.952Z
2672,6/12,Five of Diamonds,,,2022-03-24T20:10:35.935Z,2022-03-24T20:10:35.935Z
2671,6/13,Four of Diamonds,,,2022-03-24T20:10:35.919Z,2022-03-24T20:10:35.919Z
2670,6/14,Three of Diamonds,,,2022-03-24T20:10:35.905Z,2022-03-24T20:10:35.905Z
2669,6/15,Two of Diamonds,,,2022-03-24T20:10:35.889Z,2022-03-24T20:10:35.889Z
2668,6/16,Ace of Diamonds,,,2022-03-24T20:10:35.873Z,2022-03-24T20:10:35.873Z
2667,6/17,King of Clubs,,,2022-03-24T20:10:35.854Z,2022-03-24T20:10:35.854Z
2666,6/18,Queen of Clubs,,,2022-03-24T20:10:35.838Z,2022-03-24T20:10:35.838Z
2665,6/19,Jack of Clubs,,,2022-03-24T20:10:35.821Z,2022-03-24T20:10:35.821Z
2664,6/20,Ten of Clubs,,,2022-03-24T20:10:35.802Z,2022-03-24T20:10:35.802Z
2663,6/21,Nine of Clubs,,,2022-03-24T20:10:35.786Z,2022-03-24T20:10:35.786Z
2662,6/22,Eight of Clubs,,,2022-03-24T20:10:35.768Z,2022-03-24T20:10:35.768Z
2661,6/23,Seven of Clubs,,,2022-03-24T20:10:35.752Z,2022-03-24T20:10:35.752Z
2660,6/24,Six of Clubs,,,2022-03-24T20:10:35.734Z,2022-03-24T20:10:35.734Z
2659,6/25,Five of Clubs,,,2022-03-24T20:10:35.716Z,2022-03-24T20:10:35.716Z
2658,6/26,Four of Clubs,,,2022-03-24T20:10:35.698Z,2022-03-24T20:10:35.698Z
2657,6/27,Three of Clubs,,,2022-03-24T20:10:35.683Z,2022-03-24T20:10:35.683Z
2656,6/28,Two of Clubs,,,2022-03-24T20:10:35.665Z,2022-03-24T20:10:35.665Z
2655,6/29,Ace of Clubs,,,2022-03-24T20:10:35.649Z,2022-03-24T20:10:35.649Z
2654,6/30,King of Hearts,,,2022-03-24T20:10:35.628Z,2022-03-24T20:10:35.628Z
2653,7/1,Ace of Spades,,,2022-03-24T20:10:35.605Z,2022-03-24T20:10:35.605Z
2652,7/2,King of Diamonds,,,2022-03-24T20:10:35.589Z,2022-03-24T20:10:35.589Z
2651,7/3,Queen of Diamonds,,,2022-03-24T20:10:35.571Z,2022-03-24T20:10:35.571Z
2650,7/4,Jack of Diamonds,,,2022-03-24T20:10:35.555Z,2022-03-24T20:10:35.555Z
2649,7/5,Ten of Diamonds,,,2022-03-24T20:10:35.538Z,2022-03-24T20:10:35.538Z
2648,7/6,Nine of Diamonds,,,2022-03-24T20:10:35.521Z,2022-03-24T20:10:35.521Z
2647,7/7,Eight of Diamonds,,,2022-03-24T20:10:35.505Z,2022-03-24T20:10:35.505Z
2646,7/8,Seven of Diamonds,,,2022-03-24T20:10:35.489Z,2022-03-24T20:10:35.489Z
2645,7/9,Six of Diamonds,,,2022-03-24T20:10:35.358Z,2022-03-24T20:10:35.358Z
2644,7/10,Five of Diamonds,,,2022-03-24T20:10:35.342Z,2022-03-24T20:10:35.342Z
2643,7/11,Four of Diamonds,,,2022-03-24T20:10:35.327Z,2022-03-24T20:10:35.327Z
2642,7/12,Three of Diamonds,,,2022-03-24T20:10:35.310Z,2022-03-24T20:10:35.310Z
2641,7/13,Two of Diamonds,,,2022-03-24T20:10:35.294Z,2022-03-24T20:10:35.294Z
2640,7/14,Ace of Diamonds,,,2022-03-24T20:10:35.278Z,2022-03-24T20:10:35.278Z
2639,7/15,King of Clubs,,,2022-03-24T20:10:35.262Z,2022-03-24T20:10:35.262Z
2638,7/16,Queen of Clubs,,,2022-03-24T20:10:35.247Z,2022-03-24T20:10:35.247Z
2637,7/17,Jack of Clubs,,,2022-03-24T20:10:35.232Z,2022-03-24T20:10:35.232Z
2636,7/18,Ten of Clubs,,,2022-03-24T20:10:35.215Z,2022-03-24T20:10:35.215Z
2635,7/19,Nine of Clubs,,,2022-03-24T20:10:35.201Z,2022-03-24T20:10:35.201Z
2634,7/20,Eight of Clubs,,,2022-03-24T20:10:35.185Z,2022-03-24T20:10:35.185Z
2633,7/21,Seven of Clubs,,,2022-03-24T20:10:35.170Z,2022-03-24T20:10:35.170Z
2632,7/22,Six of Clubs,,,2022-03-24T20:10:35.155Z,2022-03-24T20:10:35.155Z
2631,7/23,Five of Clubs,,,2022-03-24T20:10:35.139Z,2022-03-24T20:10:35.139Z
2630,7/24,Four of Clubs,,,2022-03-24T20:10:35.124Z,2022-03-24T20:10:35.124Z
2629,7/25,Three of Clubs,,,2022-03-24T20:10:35.107Z,2022-03-24T20:10:35.107Z
2628,7/26,Two of Clubs,,,2022-03-24T20:10:35.091Z,2022-03-24T20:10:35.091Z
2627,7/27,Ace of Clubs,,,2022-03-24T20:10:35.074Z,2022-03-24T20:10:35.074Z
2626,7/28,King of Hearts,,,2022-03-24T20:10:35.056Z,2022-03-24T20:10:35.056Z
2625,7/29,Queen of Hearts,,,2022-03-24T20:10:35.041Z,2022-03-24T20:10:35.041Z
2624,7/30,Jack of Hearts,,,2022-03-24T20:10:35.025Z,2022-03-24T20:10:35.025Z
2623,7/31,Ten of Hearts,,,2022-03-24T20:10:35.005Z,2022-03-24T20:10:35.005Z
2622,8/1,Queen of Diamonds,,,2022-03-24T20:10:34.988Z,2022-03-24T20:10:34.988Z
2621,8/2,Jack of Diamonds,,,2022-03-24T20:10:34.972Z,2022-03-24T20:10:34.972Z
2620,8/3,Ten of Diamonds,,,2022-03-24T20:10:34.957Z,2022-03-24T20:10:34.957Z
2619,8/4,Nine of Diamonds,,,2022-03-24T20:10:34.941Z,2022-03-24T20:10:34.941Z
2618,8/5,Eight of Diamonds,,,2022-03-24T20:10:34.924Z,2022-03-24T20:10:34.924Z
2617,8/6,Seven of Diamonds,,,2022-03-24T20:10:34.909Z,2022-03-24T20:10:34.909Z
2616,8/7,Six of Diamonds,,,2022-03-24T20:10:34.892Z,2022-03-24T20:10:34.892Z
2615,8/8,Five of Diamonds,,,2022-03-24T20:10:34.876Z,2022-03-24T20:10:34.876Z
2614,8/9,Four of Diamonds,,,2022-03-24T20:10:34.861Z,2022-03-24T20:10:34.861Z
2613,8/10,Three of Diamonds,,,2022-03-24T20:10:34.845Z,2022-03-24T20:10:34.845Z
2612,8/11,Two of Diamonds,,,2022-03-24T20:10:34.829Z,2022-03-24T20:10:34.829Z
2611,8/12,Ace of Diamonds,,,2022-03-24T20:10:34.814Z,2022-03-24T20:10:34.814Z
2610,8/13,King of Clubs,,,2022-03-24T20:10:34.800Z,2022-03-24T20:10:34.800Z
2609,8/14,Queen of Clubs,,,2022-03-24T20:10:34.784Z,2022-03-24T20:10:34.784Z
2608,8/15,Jack of Clubs,,,2022-03-24T20:10:34.766Z,2022-03-24T20:10:34.766Z
2607,8/16,Ten of Clubs,,,2022-03-24T20:10:34.751Z,2022-03-24T20:10:34.751Z
2606,8/17,Nine of Clubs,,,2022-03-24T20:10:34.736Z,2022-03-24T20:10:34.736Z
2605,8/18,Eight of Clubs,,,2022-03-24T20:10:34.720Z,2022-03-24T20:10:34.720Z
2604,8/19,Seven of Clubs,,,2022-03-24T20:10:34.704Z,2022-03-24T20:10:34.704Z
2603,8/20,Six of Clubs,,,2022-03-24T20:10:34.574Z,2022-03-24T20:10:34.574Z
2602,8/21,Five of Clubs,,,2022-03-24T20:10:34.558Z,2022-03-24T20:10:34.558Z
2601,8/22,Four of Clubs,,,2022-03-24T20:10:34.542Z,2022-03-24T20:10:34.542Z
2600,8/23,Three of Clubs,,,2022-03-24T20:10:34.524Z,2022-03-24T20:10:34.524Z
2599,8/24,Two of Clubs,,,2022-03-24T20:10:34.507Z,2022-03-24T20:10:34.507Z
2598,8/25,Ace of Clubs,,,2022-03-24T20:10:34.492Z,2022-03-24T20:10:34.492Z
2597,8/26,King of Hearts,,,2022-03-24T20:10:34.475Z,2022-03-24T20:10:34.475Z
2596,8/27,Queen of Hearts,,,2022-03-24T20:10:34.450Z,2022-03-24T20:10:34.450Z
2595,8/28,Jack of Hearts,,,2022-03-24T20:10:34.434Z,2022-03-24T20:10:34.434Z
2594,8/29,Ten of Hearts,,,2022-03-24T20:10:34.415Z,2022-03-24T20:10:34.415Z
2593,8/30,Nine of Hearts,,,2022-03-24T20:10:34.400Z,2022-03-24T20:10:34.400Z
2592,8/31,Eight of Hearts,,,2022-03-24T20:10:34.384Z,2022-03-24T20:10:34.384Z
2591,9/1,Ten of Diamonds,,,2022-03-24T20:10:34.368Z,2022-03-24T20:10:34.368Z
2590,9/2,Nine of Diamonds,,,2022-03-24T20:10:34.353Z,2022-03-24T20:10:34.353Z
2589,9/3,Eight of Diamonds,,,2022-03-24T20:10:34.201Z,2022-03-24T20:10:34.201Z
2588,9/4,Seven of Diamonds,,,2022-03-24T20:10:34.185Z,2022-03-24T20:10:34.185Z
2587,9/5,Six of Diamonds,,,2022-03-24T20:10:34.169Z,2022-03-24T20:10:34.169Z
2586,9/6,Five of Diamonds,,,2022-03-24T20:10:34.152Z,2022-03-24T20:10:34.152Z
2585,9/7,Four of Diamonds,,,2022-03-24T20:10:34.137Z,2022-03-24T20:10:34.137Z
2584,9/8,Three of Diamonds,,,2022-03-24T20:10:34.121Z,2022-03-24T20:10:34.121Z
2583,9/9,Two of Diamonds,,,2022-03-24T20:10:34.105Z,2022-03-24T20:10:34.105Z
2582,9/10,Ace of Diamonds,,,2022-03-24T20:10:34.090Z,2022-03-24T20:10:34.090Z
2581,9/11,King of Clubs,,,2022-03-24T20:10:34.073Z,2022-03-24T20:10:34.073Z
2580,9/12,Queen of Clubs,,,2022-03-24T20:10:34.056Z,2022-03-24T20:10:34.056Z
2579,9/13,Jack of Clubs,,,2022-03-24T20:10:34.040Z,2022-03-24T20:10:34.040Z
2578,9/14,Ten of Clubs,,,2022-03-24T20:10:34.025Z,2022-03-24T20:10:34.025Z
2577,9/15,Nine of Clubs,,,2022-03-24T20:10:34.009Z,2022-03-24T20:10:34.009Z
2576,9/16,Eight of Clubs,,,2022-03-24T20:10:33.873Z,2022-03-24T20:10:33.873Z
2575,9/17,Seven of Clubs,,,2022-03-24T20:10:33.856Z,2022-03-24T20:10:33.856Z
2574,9/18,Six of Clubs,,,2022-03-24T20:10:33.840Z,2022-03-24T20:10:33.840Z
2573,9/19,Five of Clubs,,,2022-03-24T20:10:33.824Z,2022-03-24T20:10:33.824Z
2572,9/20,Four of Clubs,,,2022-03-24T20:10:33.809Z,2022-03-24T20:10:33.809Z
2571,9/21,Three of Clubs,,,2022-03-24T20:10:33.793Z,2022-03-24T20:10:33.793Z
2570,9/22,Two of Clubs,,,2022-03-24T20:10:33.774Z,2022-03-24T20:10:33.774Z
2569,9/23,Ace of Clubs,,,2022-03-24T20:10:33.758Z,2022-03-24T20:10:33.758Z
2568,9/24,King of Hearts,,,2022-03-24T20:10:33.741Z,2022-03-24T20:10:33.741Z
2567,9/25,Queen of Hearts,,,2022-03-24T20:10:33.725Z,2022-03-24T20:10:33.725Z
2566,9/26,Jack of Hearts,,,2022-03-24T20:10:33.710Z,2022-03-24T20:10:33.710Z
2565,9/27,Ten of Hearts,,,2022-03-24T20:10:33.695Z,2022-03-24T20:10:33.695Z
2564,9/28,Nine of Hearts,,,2022-03-24T20:10:33.679Z,2022-03-24T20:10:33.679Z
2563,9/29,Eight of Hearts,,,2022-03-24T20:10:33.661Z,2022-03-24T20:10:33.661Z
2562,9/30,Seven of Hearts,,,2022-03-24T20:10:33.642Z,2022-03-24T20:10:33.642Z
2561,10/1,Eight of Diamonds,,,2022-03-24T20:10:33.621Z,2022-03-24T20:10:33.621Z
2560,10/2,Seven of Diamonds,,,2022-03-24T20:10:33.603Z,2022-03-24T20:10:33.603Z
2559,10/3,Six of Diamonds,,,2022-03-24T20:10:33.588Z,2022-03-24T20:10:33.588Z
2558,10/4,Five of Diamonds,,,2022-03-24T20:10:33.571Z,2022-03-24T20:10:33.571Z
2557,10/5,Four of Diamonds,,,2022-03-24T20:10:33.553Z,2022-03-24T20:10:33.553Z
2556,10/6,Three of Diamonds,,,2022-03-24T20:10:33.538Z,2022-03-24T20:10:33.538Z
2555,10/7,Two of Diamonds,,,2022-03-24T20:10:33.522Z,2022-03-24T20:10:33.522Z
2554,10/8,Ace of Diamonds,,,2022-03-24T20:10:33.507Z,2022-03-24T20:10:33.507Z
2553,10/9,King of Clubs,,,2022-03-24T20:10:33.493Z,2022-03-24T20:10:33.493Z
2552,10/10,Queen of Clubs,,,2022-03-24T20:10:33.465Z,2022-03-24T20:10:33.465Z
2551,10/11,Jack of Clubs,,,2022-03-24T20:10:33.436Z,2022-03-24T20:10:33.436Z
2550,10/12,Ten of Clubs,,,2022-03-24T20:10:33.410Z,2022-03-24T20:10:33.410Z
2549,10/13,Nine of Clubs,,,2022-03-24T20:10:33.382Z,2022-03-24T20:10:33.382Z
2548,10/14,Eight of Clubs,,,2022-03-24T20:10:33.351Z,2022-03-24T20:10:33.351Z
2547,10/15,Seven of Clubs,,,2022-03-24T20:10:33.321Z,2022-03-24T20:10:33.321Z
2546,10/16,Six of Clubs,,,2022-03-24T20:10:33.294Z,2022-03-24T20:10:33.294Z
2545,10/17,Five of Clubs,,,2022-03-24T20:10:33.262Z,2022-03-24T20:10:33.262Z
2544,10/18,Four of Clubs,,,2022-03-24T20:10:33.234Z,2022-03-24T20:10:33.234Z
2543,10/19,Three of Clubs,,,2022-03-24T20:10:33.218Z,2022-03-24T20:10:33.218Z
2542,10/20,Two of Clubs,,,2022-03-24T20:10:33.203Z,2022-03-24T20:10:33.203Z
2541,10/21,Ace of Clubs,,,2022-03-24T20:10:33.188Z,2022-03-24T20:10:33.188Z
2540,10/22,King of Hearts,,,2022-03-24T20:10:33.172Z,2022-03-24T20:10:33.172Z
2539,10/23,Queen of Hearts,,,2022-03-24T20:10:33.157Z,2022-03-24T20:10:33.157Z
2538,10/24,Jack of Hearts,,,2022-03-24T20:10:33.141Z,2022-03-24T20:10:33.141Z
2537,10/25,Ten of Hearts,,,2022-03-24T20:10:33.126Z,2022-03-24T20:10:33.126Z
2536,10/26,Nine of Hearts,,,2022-03-24T20:10:33.111Z,2022-03-24T20:10:33.111Z
2535,10/27,Eight of Hearts,,,2022-03-24T20:10:33.097Z,2022-03-24T20:10:33.097Z
2534,10/28,Seven of Hearts,,,2022-03-24T20:10:33.082Z,2022-03-24T20:10:33.082Z
2533,10/29,Six of Hearts,,,2022-03-24T20:10:33.066Z,2022-03-24T20:10:33.066Z
2532,10/30,Five of Hearts,,,2022-03-24T20:10:33.050Z,2022-03-24T20:10:33.050Z
2531,10/31,Four of Hearts,,,2022-03-24T20:10:33.033Z,2022-03-24T20:10:33.033Z
2530,11/1,Six of Diamonds,,,2022-03-24T20:10:33.017Z,2022-03-24T20:10:33.017Z
2529,11/2,Five of Diamonds,,,2022-03-24T20:10:33.002Z,2022-03-24T20:10:33.002Z
2528,11/3,Four of Diamonds,,,2022-03-24T20:10:32.985Z,2022-03-24T20:10:32.985Z
2527,11/4,Three of Diamonds,,,2022-03-24T20:10:32.969Z,2022-03-24T20:10:32.969Z
2526,11/5,Two of Diamonds,,,2022-03-24T20:10:32.950Z,2022-03-24T20:10:32.950Z
2525,11/6,Ace of Diamonds,,,2022-03-24T20:10:32.934Z,2022-03-24T20:10:32.934Z
2524,11/7,King of Clubs,,,2022-03-24T20:10:32.916Z,2022-03-24T20:10:32.916Z
2523,11/8,Queen of Clubs,,,2022-03-24T20:10:32.896Z,2022-03-24T20:10:32.896Z
2522,11/9,Jack of Clubs,,,2022-03-24T20:10:32.870Z,2022-03-24T20:10:32.870Z
2521,11/10,Ten of Clubs,,,2022-03-24T20:10:32.849Z,2022-03-24T20:10:32.849Z
2520,11/11,Nine of Clubs,,,2022-03-24T20:10:32.827Z,2022-03-24T20:10:32.827Z
2519,11/12,Eight of Clubs,,,2022-03-24T20:10:32.811Z,2022-03-24T20:10:32.811Z
2518,11/13,Seven of Clubs,,,2022-03-24T20:10:32.793Z,2022-03-24T20:10:32.793Z
2517,11/14,Six of Clubs,,,2022-03-24T20:10:32.775Z,2022-03-24T20:10:32.775Z
2516,11/15,Five of Clubs,,,2022-03-24T20:10:32.757Z,2022-03-24T20:10:32.757Z
2515,11/16,Four of Clubs,,,2022-03-24T20:10:32.741Z,2022-03-24T20:10:32.741Z
2514,11/17,Three of Clubs,,,2022-03-24T20:10:32.725Z,2022-03-24T20:10:32.725Z
2513,11/18,Two of Clubs,,,2022-03-24T20:10:32.706Z,2022-03-24T20:10:32.706Z
2512,11/19,Ace of Clubs,,,2022-03-24T20:10:32.689Z,2022-03-24T20:10:32.689Z
2511,11/20,King of Hearts,,,2022-03-24T20:10:32.673Z,2022-03-24T20:10:32.673Z
2510,11/21,Queen of Hearts,,,2022-03-24T20:10:32.655Z,2022-03-24T20:10:32.655Z
2509,11/22,Jack of Hearts,,,2022-03-24T20:10:32.639Z,2022-03-24T20:10:32.639Z
2508,11/23,Ten of Hearts,,,2022-03-24T20:10:32.622Z,2022-03-24T20:10:32.622Z
2507,11/24,Nine of Hearts,,,2022-03-24T20:10:32.602Z,2022-03-24T20:10:32.602Z
2506,11/25,Eight of Hearts,,,2022-03-24T20:10:32.585Z,2022-03-24T20:10:32.585Z
2505,11/26,Seven of Hearts,,,2022-03-24T20:10:32.565Z,2022-03-24T20:10:32.565Z
2504,11/27,Six of Hearts,,,2022-03-24T20:10:32.546Z,2022-03-24T20:10:32.546Z
2503,11/28,Five of Hearts,,,2022-03-24T20:10:32.530Z,2022-03-24T20:10:32.530Z
2502,11/29,Four of Hearts,,,2022-03-24T20:10:32.513Z,2022-03-24T20:10:32.513Z
